[
  {
    "value": "Mathilda",
    "synonyms": [
      "Mathilda"
    ]
  },
  {
    "value": "Konstantin",
    "synonyms": [
      "Konstantin"
    ]
  },
  {
    "value": "Anton",
    "synonyms": [
      "Anton"
    ]
  },
  {
    "value": "Jakob",
    "synonyms": [
      "Jakob"
    ]
  },
  {
    "value": "Herbert",
    "synonyms": [
      "Herbert"
    ]
  },
  {
    "value": "Anja",
    "synonyms": [
      "Anja"
    ]
  },
  {
    "value": "Monika",
    "synonyms": [
      "Monika"
    ]
  },
  {
    "value": "Ulli",
    "synonyms": [
      "Ulli"
    ]
  },
  {
    "value": "Hannelore",
    "synonyms": [
      "Hannelore"
    ]
  },
  {
    "value": "Andrea",
    "synonyms": [
      "Andrea"
    ]
  },
  {
    "value": "Melanie",
    "synonyms": [
      "Melanie"
    ]
  },
  {
    "value": "Christian",
    "synonyms": [
      "Christian"
    ]
  },
  {
    "value": "Semra",
    "synonyms": [
      "Semra"
    ]
  },
  {
    "value": "Lotta",
    "synonyms": [
      "Lotta"
    ]
  },
  {
    "value": "Lena",
    "synonyms": [
      "Lena"
    ]
  },
  {
    "value": "Julius",
    "synonyms": [
      "Julius"
    ]
  },
  {
    "value": "Alfred",
    "synonyms": [
      "Alfred"
    ]
  },
  {
    "value": "Dieter",
    "synonyms": [
      "Dieter"
    ]
  },
  {
    "value": "Julia",
    "synonyms": [
      "Julia"
    ]
  },
  {
    "value": "Jan",
    "synonyms": [
      "Jan"
    ]
  },
  {
    "value": "Karl",
    "synonyms": [
      "Karl"
    ]
  },
  {
    "value": "Mama",
    "synonyms": [
      "Mama"
    ]
  },
  {
    "value": "Papa",
    "synonyms": [
      "Papa"
    ]
  },
  {
    "value": "Mopsi",
    "synonyms": [
      "Mopsi"
    ]
  },
  {
    "value": "Tino",
    "synonyms": [
      "Tino"
    ]
  },
  {
    "value": "Ida",
    "synonyms": [
      "Ida"
    ]
  },
  {
    "value": "Marlene",
    "synonyms": [
      "Marlene"
    ]
  },
  {
    "value": "Mareen",
    "synonyms": [
      "Mareen"
    ]
  },
  {
    "value": "Eline",
    "synonyms": [
      "Eline"
    ]
  },
  {
    "value": "Anna",
    "synonyms": [
      "Anna"
    ]
  },
  {
    "value": "Anne",
    "synonyms": [
      "Anne"
    ]
  },
  {
    "value": "Lea",
    "synonyms": [
      "Lea"
    ]
  },
  {
    "value": "Mia",
    "synonyms": [
      "Mia"
    ]
  },
  {
    "value": "Felix",
    "synonyms": [
      "Felix"
    ]
  },
  {
    "value": "Grischa",
    "synonyms": [
      "Grischa"
    ]
  },
  {
    "value": "Grigori",
    "synonyms": [
      "Grigori"
    ]
  },
  {
    "value": "Edgar",
    "synonyms": [
      "Edgar"
    ]
  },
  {
    "value": "Hugo",
    "synonyms": [
      "Hugo"
    ]
  },
  {
    "value": "Noah",
    "synonyms": [
      "Noah"
    ]
  },
  {
    "value": "Michael",
    "synonyms": [
      "Michael"
    ]
  },
  {
    "value": "Bob",
    "synonyms": [
      "Bob"
    ]
  },
  {
    "value": "@sys.given-name",
    "synonyms": [
      "@sys.given-name"
    ]
  }
]