[
  {
    "id": "d8d4b5f1-f622-4fb2-9efc-a0a71858afae",
    "data": [
      {
        "text": "Mein Name lautet ",
        "userDefined": false
      },
      {
        "text": "Bob",
        "alias": "vorname",
        "meta": "@vorname",
        "userDefined": true
      }
    ],
    "isTemplate": false,
    "count": 0,
    "updated": 1550752308
  },
  {
    "id": "c21296a4-ec56-495d-9d24-581a6eb7482e",
    "data": [
      {
        "text": "Äh, ",
        "userDefined": false
      },
      {
        "text": "Konstantin",
        "alias": "vorname",
        "meta": "@vorname",
        "userDefined": true
      }
    ],
    "isTemplate": false,
    "count": 0,
    "updated": 1550752308
  },
  {
    "id": "c388e557-c4bd-4769-b96d-a80927fad3f2",
    "data": [
      {
        "text": "Mein Name ist ",
        "userDefined": false
      },
      {
        "text": "Mathilda",
        "alias": "vorname",
        "meta": "@vorname",
        "userDefined": true
      }
    ],
    "isTemplate": false,
    "count": 0,
    "updated": 1550752308
  },
  {
    "id": "d487ca32-02b9-47dd-b5cf-92a7d6a41d61",
    "data": [
      {
        "text": "Anja",
        "alias": "vorname",
        "meta": "@vorname",
        "userDefined": true
      }
    ],
    "isTemplate": false,
    "count": 0,
    "updated": 1550752308
  },
  {
    "id": "77b15c76-04f7-4c4e-9e72-32e23cba2d51",
    "data": [
      {
        "text": "Ich heiße ",
        "userDefined": false
      },
      {
        "text": "Herbert",
        "alias": "vorname",
        "meta": "@vorname",
        "userDefined": true
      }
    ],
    "isTemplate": false,
    "count": 0,
    "updated": 1550752308
  },
  {
    "id": "c27f50b1-fe0a-4af9-a6be-b45a0428bd3f",
    "data": [
      {
        "text": "Mein Vorname ist ",
        "userDefined": false
      },
      {
        "text": "Michael",
        "alias": "vorname",
        "meta": "@vorname",
        "userDefined": true
      }
    ],
    "isTemplate": false,
    "count": 0,
    "updated": 1550752308
  }
]