[
  {
    "id": "f035fec3-b097-4ea8-b1d9-4904d30c9d3e",
    "data": [
      {
        "text": "das möchte ich nicht",
        "userDefined": false
      }
    ],
    "isTemplate": false,
    "count": 1,
    "updated": 1497436126
  },
  {
    "id": "0c04ba0a-5a56-4d7c-8eb0-b90f413b5d3c",
    "data": [
      {
        "text": "nein",
        "userDefined": false
      }
    ],
    "isTemplate": false,
    "count": 4,
    "updated": 1497436126
  },
  {
    "id": "c9977f72-d6f0-4048-977d-050ecda4a91e",
    "data": [
      {
        "text": "ich denke nicht",
        "userDefined": false
      }
    ],
    "isTemplate": false,
    "count": 0,
    "updated": 1497436126
  },
  {
    "id": "88fdbbb1-9589-409e-b11c-0d0d1e2c6d99",
    "data": [
      {
        "text": "kein Interesse",
        "userDefined": false
      }
    ],
    "isTemplate": false,
    "count": 1,
    "updated": 1497519195
  },
  {
    "id": "1c27c7a2-44b3-43fb-baf9-efd10dddcc51",
    "data": [
      {
        "text": "auf keinen Fall",
        "userDefined": false
      }
    ],
    "isTemplate": false,
    "count": 1,
    "updated": 1497519195
  },
  {
    "id": "df3b98f4-e2b2-4169-8730-26aa13c32e41",
    "data": [
      {
        "text": "eigentlich nicht",
        "userDefined": false
      }
    ],
    "isTemplate": false,
    "count": 0,
    "updated": 1497436126
  },
  {
    "id": "188f1f20-0e90-4f73-a9bf-257cf84ec22e",
    "data": [
      {
        "text": "nein danke",
        "userDefined": false
      }
    ],
    "isTemplate": false,
    "count": 1,
    "updated": 1497436126
  },
  {
    "id": "88925624-e3d4-456e-9e28-da1d5b528d4a",
    "data": [
      {
        "text": "ich bin nicht einverstanden",
        "userDefined": false
      }
    ],
    "isTemplate": false,
    "count": 1,
    "updated": 1497436126
  },
  {
    "id": "2ac5c53c-9390-462f-9a8a-fe7857253702",
    "data": [
      {
        "text": "mach das nicht",
        "userDefined": false
      }
    ],
    "isTemplate": false,
    "count": 0,
    "updated": 1497436126
  }
]